"view_history","rt","trial_type","trial_index","time_elapsed","internal_node_id","stimulus","response","phase","condition","syn_level","sem_level","modal_pres","sent_id","section_id","question_order","comp_correct","comp_response","comp_accuracy"
"[{""page_index"":0,""viewing_time"":37092},{""page_index"":1,""viewing_time"":7593}]","44685","instructions","0","44694","0.0-0.0","","","","","","","","","","","","",""
"","7459","html-button-response","1","52165","0.0-1.0","<p>Trial 1 of 16.</p> 
            <p> Please read the draft provision below carefully.  Make sure you understand it before moving on to the next page!</p>

            <div class=""draft-box"">
              <div class=""draft-box-title"">Draft Legislation</div>
              <p>The Secretary may also contract for inspections or examinations in the United States and in foreign countries. The primary reason for including a provision that permits the contracting for the conduct of inspections and examinations is to provide flexibility in foreign areas where Coast Guard marine inspectors are not normally available. A contract inspector may be authorized to act on behalf of the Secretary, but may not issue a certificate of inspection or compliance.</p>
            </div>
            ","0","read","LLM","low","low","partial_may","/us/usc/t46/s3714__s19_k3","/us/usc/t46/s3714","","","",""
"","16033","survey-multi-choice","2","68199","0.0-2.0","","{""comp"":""They may act on behalf of the Secretary to conduct inspections or examinations, but may not issue a certificate of inspection or compliance.""}","comprehension","LLM","","","","/us/usc/t46/s3714__s19_k3","","[0]","""They may act on behalf of the Secretary to conduct inspections or examinations, but may not issue a certificate of inspection or compliance.""","","false"
"","9258","survey-likert","3","77458","0.0-3.0","","{""Q0"":2}","authority_rating","LLM","","","","/us/usc/t46/s3714__s19_k3","","[0]","","",""
"","21475","survey-text","4","98955","0.0-4.0","","{""Q0"":""The middle sentence explains the \""primary reason\"" for the rule, which feels more like a helpful explanation than a formal legal mandate. To me, authoritative laws should state what is required or permitted without feeling the need to justify themselves within the text of the provision.""}","authority_explanation","LLM","","","","/us/usc/t46/s3714__s19_k3","","","","",""
"","6887","html-button-response","5","105843","0.0-5.0","<p>Trial 2 of 16.</p> 
            <p> Please read the draft provision below carefully.  Make sure you understand it before moving on to the next page!</p>

            <div class=""draft-box"">
              <div class=""draft-box-title"">Draft Legislation</div>
              <p>Where miners are exposed to danger from falls of roof, face, and ribs the operator shall examine and test the roof, face, and ribs before any work or machine is started, and as frequently thereafter as may be necessary to insure safety. When dangerous conditions are found, they shall be corrected immediately.</p>
            </div>
            ","0","read","HLS","high","low","S","/us/usc/t30/s862__s31_k3","/us/usc/t30/s862","","","",""
"","9934","survey-multi-choice","6","115777","0.0-6.0","","{""comp"":""Examine and test the roof, face, and ribs before work or machines start and as often as needed afterward, and correct dangerous conditions immediately.""}","comprehension","HLS","","","","/us/usc/t30/s862__s31_k3","","[0]","""Examine and test the roof, face, and ribs before work or machines start and as often as needed afterward, and correct dangerous conditions immediately.""","","false"
"","8270","survey-likert","7","124048","0.0-7.0","","{""Q0"":4}","authority_rating","HLS","","","","/us/usc/t30/s862__s31_k3","","[0]","","",""
"","19695","survey-text","8","143745","0.0-8.0","","{""Q0"":""This provision uses strong, mandatory language like \""shall\"" and \""immediately,\"" which leaves no room for debate or delay. It focuses strictly on the requirements without adding any explanatory filler, making it sound like a firm legal command.""}","authority_explanation","HLS","","","","/us/usc/t30/s862__s31_k3","","","","",""
"","5185","html-button-response","9","148930","0.0-9.0","<p>Trial 3 of 16.</p> 
            <p> Please read the draft provision below carefully.  Make sure you understand it before moving on to the next page!</p>

            <div class=""draft-box"">
              <div class=""draft-box-title"">Draft Legislation</div>
              <p>The Librarian shall provide a seal to indicate that a film has been included in the National Film Registry and is the Registry version of that film. The Librarian shall establish guidelines for approval of the use of the seal in accordance with subsection (b). The seal provided under subsection (a)(3) may only be used on film or other approved copies of the Registry version of a film.</p>
            </div>
            ","0","read","LLS","low","low","S","/us/usc/t2/s179m__s7_k3","/us/usc/t2/s179m","","","",""
"","20935","survey-multi-choice","10","169866","0.0-10.0","","{""comp"":""To indicate that a film is included in the National Film Registry, and it may be used only on the Registry version of that film or approved copies.""}","comprehension","LLS","","","","/us/usc/t2/s179m__s7_k3","","[0]","""To indicate that a film is included in the National Film Registry, and it may be used only on the Registry version of that film or approved copies.""","","false"
"","9706","survey-likert","11","179572","0.0-11.0","","{""Q0"":4}","authority_rating","LLS","","","","/us/usc/t2/s179m__s7_k3","","[0]","","",""
"","17021","survey-text","12","196596","0.0-12.0","","{""Q0"":""The text uses definitive language like \""shall\"" and \""may only,\"" which clearly defines both obligations and strict limitations. It stays focused on the rules without adding any unnecessary justifications, making it sound like an official and binding directive.""}","authority_explanation","LLS","","","","/us/usc/t2/s179m__s7_k3","","","","",""
"","10400","html-button-response","13","206996","0.0-13.0","<p>Trial 4 of 16.</p> 
            <p> Please read the draft provision below carefully.  Make sure you understand it before moving on to the next page!</p>

            <div class=""draft-box"">
              <div class=""draft-box-title"">Draft Legislation</div>
              <p>If at the termination of any fiscal year the legislature shall have failed to pass appropriation bills providing for payments of the necessary current expenses of the government and meeting its legal obligations for the ensuing fiscal year, then the several sums appropriated in the last appropriation bills for the objects and purposes therein specified, so far as the same may be applicable, shall be deemed to be reappropriated, item by item.</p>
            </div>
            ","0","read","HLS","high","low","S","/us/usc/t48/s1423j__s1_k3","/us/usc/t48/s1423j","","","",""
"","10430","survey-multi-choice","14","217427","0.0-14.0","","{""comp"":""The amounts from the most recent appropriation bills are treated as reapproved for the same purposes.""}","comprehension","HLS","","","","/us/usc/t48/s1423j__s1_k3","","[0]","""The amounts from the most recent appropriation bills are treated as reapproved for the same purposes.""","","false"
"","7535","survey-likert","15","224962","0.0-15.0","","{""Q0"":4}","authority_rating","HLS","","","","/us/usc/t48/s1423j__s1_k3","","[0]","","",""
"","14473","survey-text","16","239437","0.0-16.0","","{""Q0"":""The provision uses formal, technical language to establish a clear and automatic legal consequence for a legislative failure. Its precise \""if-then\"" structure and the use of the phrase \""shall be deemed\"" give it a sense of finality and significant legal weight.""}","authority_explanation","HLS","","","","/us/usc/t48/s1423j__s1_k3","","","","",""
"","5221","html-button-response","17","244660","0.0-17.0","<p>Trial 5 of 16.</p> 
            <p> Please read the draft provision below carefully.  Make sure you understand it before moving on to the next page!</p>

            <div class=""draft-box"">
              <div class=""draft-box-title"">Draft Legislation</div>
              <p>The Secretary may readjust the terms and conditions, except as otherwise provided herein, of any geothermal lease issued under this chapter at not less than ten-year intervals beginning ten years after the date the geothermal steam is produced, as determined by the Secretary. Each geothermal lease issued under this chapter shall provide for such readjustment. The Secretary shall give notice of any proposed readjustment of terms and conditions, and, unless the lessee files with the Secretary objection to the proposed terms or relinquishes the lease within thirty days after receipt of such notice, the lessee shall conclusively be deemed to have agreed with such terms and conditions.</p>
            </div>
            ","0","read","HHS","high","high","S","/us/usc/t30/s1007__s1_k3","/us/usc/t30/s1007","","","",""
"","9681","survey-multi-choice","18","254342","0.0-18.0","","{""comp"":""When the lessee does not object to the proposed terms or relinquish the lease within thirty days after receiving notice.""}","comprehension","HHS","","","","/us/usc/t30/s1007__s1_k3","","[0]","""When the lessee does not object to the proposed terms or relinquish the lease within thirty days after receiving notice.""","","false"
"","13233","survey-likert","19","267576","0.0-19.0","","{""Q0"":4}","authority_rating","HHS","","","","/us/usc/t30/s1007__s1_k3","","[0]","","",""
"","16938","survey-text","20","284516","0.0-20.0","","{""Q0"":""The provision uses precise legal phrasing like \""conclusively be deemed\"" and \""shall provide,\"" which establishes a firm, non-negotiable process. Its focus on strict timelines and the automatic legal consequence for a lessee's silence gives it a high degree of finality and power.""}","authority_explanation","HHS","","","","/us/usc/t30/s1007__s1_k3","","","","",""
"","6144","html-button-response","21","290661","0.0-21.0","<p>Trial 6 of 16.</p> 
            <p> Please read the draft provision below carefully.  Make sure you understand it before moving on to the next page!</p>

            <div class=""draft-box"">
              <div class=""draft-box-title"">Draft Legislation</div>
              <p>The Secretary of the Treasury may contribute on behalf of the United States $150,000,000 to the first replenishment of the resources of the Enterprise for the Americas Multilateral Investment Fund. The authority provided by paragraph (1) may be exercised only to the extent and in the amounts provided for in advance in appropriations Acts.</p>
            </div>
            ","0","read","LLM","low","low","partial_may","/us/usc/t22/s283z–11__s1_k3","/us/usc/t22/s283z–11","","","",""
"","30945","survey-multi-choice","22","321607","0.0-22.0","","{""comp"":""Only to the extent and in the amounts authorized in advance by appropriations Acts.""}","comprehension","LLM","","","","/us/usc/t22/s283z–11__s1_k3","","[0]","""Only to the extent and in the amounts authorized in advance by appropriations Acts.""","","false"
"","8507","survey-likert","23","330115","0.0-23.0","","{""Q0"":2}","authority_rating","LLM","","","","/us/usc/t22/s283z–11__s1_k3","","[0]","","",""
"","13835","survey-text","24","343952","0.0-24.0","","{""Q0"":""The use of \""may\"" makes the contribution optional rather than mandatory, which softens the overall command. Additionally, the authority is strictly conditional on future appropriations, making it feel more like a tentative permission slip than a definitive legal directive.""}","authority_explanation","LLM","","","","/us/usc/t22/s283z–11__s1_k3","","","","",""
"","7505","html-button-response","25","351457","0.0-25.0","<p>Trial 7 of 16.</p> 
            <p> Please read the draft provision below carefully.  Make sure you understand it before moving on to the next page!</p>

            <div class=""draft-box"">
              <div class=""draft-box-title"">Draft Legislation</div>
              <p>In each State, an authorized criminal justice agency of the State shall report child abuse crime information to, or index child abuse crime information in, the national criminal history background check system. A criminal justice agency may satisfy the requirement of this subsection by reporting or indexing all felony and serious misdemeanor arrests and dispositions.</p>
            </div>
            ","0","read","HHS","high","high","S","/us/usc/t34/s40101__s1_k3","/us/usc/t34/s40101","","","",""
"","13454","survey-multi-choice","26","364912","0.0-26.0","","{""comp"":""By reporting or indexing child abuse crime information, including through reporting or indexing all felony and serious misdemeanor arrests and dispositions.""}","comprehension","HHS","","","","/us/usc/t34/s40101__s1_k3","","[0]","""By reporting or indexing child abuse crime information, including through reporting or indexing all felony and serious misdemeanor arrests and dispositions.""","","false"
"","9269","survey-likert","27","374182","0.0-27.0","","{""Q0"":4}","authority_rating","HHS","","","","/us/usc/t34/s40101__s1_k3","","[0]","","",""
"","12494","survey-text","28","386678","0.0-28.0","","{""Q0"":""The use of the word \""shall\"" imposes a mandatory obligation on state agencies, making the reporting of information a requirement rather than a choice. Furthermore, the text provides a specific, legally defined pathway for compliance, which underscores its role as a binding and enforceable directive.""}","authority_explanation","HHS","","","","/us/usc/t34/s40101__s1_k3","","","","",""
"","9247","html-button-response","29","395925","0.0-29.0","<p>Trial 8 of 16.</p> 
            <p> Please read the draft provision below carefully.  Make sure you understand it before moving on to the next page!</p>

            <div class=""draft-box"">
              <div class=""draft-box-title"">Draft Legislation</div>
              <p>[A] partnership petition by less than all of the general partners is treated as an involuntary, not a voluntary, petition. The court may, under subsection (e), require the petitioners to file a bond to indemnify the debtor for such amounts as the court may later allow under subsection (i). Subsection (i) provides for costs, attorneys fees, and damages in certain circumstances.</p>
            </div>
            ","0","read","HHM","high","high","partial_may","/us/usc/t11/s303__s55_k3","/us/usc/t11/s303","","","",""
"","10515","survey-multi-choice","30","406441","0.0-30.0","","{""comp"":""That the petitioners file a bond to cover possible costs, fees, or damages.""}","comprehension","HHM","","","","/us/usc/t11/s303__s55_k3","","[0]","""That the petitioners file a bond to cover possible costs, fees, or damages.""","","false"
"","7831","survey-likert","31","414272","0.0-31.0","","{""Q0"":4}","authority_rating","HHM","","","","/us/usc/t11/s303__s55_k3","","[0]","","",""
"","11800","survey-text","32","426074","0.0-32.0","","{""Q0"":""The provision establishes a definitive legal classification by stating how a petition \""is treated,\"" which removes any ambiguity regarding its status. It further reinforces its authority by granting the court specific powers to require financial indemnification, integrated within a broader, cross-referenced statutory framework.""}","authority_explanation","HHM","","","","/us/usc/t11/s303__s55_k3","","","","",""
"","5849","html-button-response","33","431924","0.0-33.0","<p>Trial 9 of 16.</p> 
            <p> Please read the draft provision below carefully.  Make sure you understand it before moving on to the next page!</p>

            <div class=""draft-box"">
              <div class=""draft-box-title"">Draft Legislation</div>
              <p>The liquidating agent may disallow any portion of any claim by a creditor or claim of security, preference, or priority which is not proved to the satisfaction of the liquidating agent. No court may review the Board’s determination pursuant to subparagraph (D) to disallow a claim.</p>
            </div>
            ","0","read","LHM","low","high","partial_may","/us/usc/t12/s1787__s49_k3","/us/usc/t12/s1787","","","",""
"","13178","survey-multi-choice","34","445103","0.0-34.0","","{""comp"":""The liquidating agent may disallow a claim, and no court may review that determination.""}","comprehension","LHM","","","","/us/usc/t12/s1787__s49_k3","","[0]","""The liquidating agent may disallow a claim, and no court may review that determination.""","","false"
"","9031","survey-likert","35","454135","0.0-35.0","","{""Q0"":4}","authority_rating","LHM","","","","/us/usc/t12/s1787__s49_k3","","[0]","","",""
"","11932","survey-text","36","466069","0.0-36.0","","{""Q0"":""This provision is exceptionally authoritative because it grants the liquidating agent unilateral discretion and explicitly strips the judiciary of its oversight power. By stating that \""no court may review\"" the decision, the legislation establishes a finality that is absolute and legally binding without recourse.""}","authority_explanation","LHM","","","","/us/usc/t12/s1787__s49_k3","","","","",""
"","5831","html-button-response","37","471900","0.0-37.0","<p>Trial 10 of 16.</p> 
            <p> Please read the draft provision below carefully.  Make sure you understand it before moving on to the next page!</p>

            <div class=""draft-box"">
              <div class=""draft-box-title"">Draft Legislation</div>
              <p>The Secretary of the Treasury may by regulation prescribe for plan years beginning after December 31, 1999, mortality tables to be used in determining current liability under this subsection. Such tables shall be based upon the actual experience of pension plans and projected trends in such experience. In prescribing such tables, such Secretary shall take into account results of available independent studies of mortality of individuals covered by pension plans.</p>
            </div>
            ","0","read","LLS","low","low","S","/us/usc/t29/s1084__s70_k3","/us/usc/t29/s1084","","","",""
"","10793","survey-multi-choice","38","482694","0.0-38.0","","{""comp"":""Actual experience and projected trends of pension plans, along with results of available independent mortality studies.""}","comprehension","LLS","","","","/us/usc/t29/s1084__s70_k3","","[0]","""Actual experience and projected trends of pension plans, along with results of available independent mortality studies.""","","false"
"","8429","survey-likert","39","491124","0.0-39.0","","{""Q0"":4}","authority_rating","LLS","","","","/us/usc/t29/s1084__s70_k3","","[0]","","",""
"","14822","survey-text","40","505949","0.0-40.0","","{""Q0"":""This legislation is highly authoritative because it uses \""shall\"" to impose mandatory requirements on the Secretary's methodology and data sources. While the initial power to prescribe tables is permissive, the strict legal constraints on how that power must be exercised create a binding and precise regulatory framework.""}","authority_explanation","LLS","","","","/us/usc/t29/s1084__s70_k3","","","","",""
"","6727","html-button-response","41","512676","0.0-41.0","<p>Trial 11 of 16.</p> 
            <p> Please read the draft provision below carefully.  Make sure you understand it before moving on to the next page!</p>

            <div class=""draft-box"">
              <div class=""draft-box-title"">Draft Legislation</div>
              <p>As the Administrator deems necessary in the public interest, the Administrator may direct officers and employees of the Administration to carry firearms while in the conduct of their official duties; and authorize employees of contractors and subcontractors of the Administration who are engaged in the protection of property owned by the United States, and located at facilities owned by or contracted to the United States, to carry firearms while in the conduct of their official duties.</p>
            </div>
            ","0","read","HHM","high","high","partial_may","/us/usc/t51/s20133__s1_k3","/us/usc/t51/s20133","","","",""
"","13712","survey-multi-choice","42","526389","0.0-42.0","","{""comp"":""Officers and employees of the Administration, as well as certain contractor and subcontractor employees protecting U.S.-owned property.""}","comprehension","HHM","","","","/us/usc/t51/s20133__s1_k3","","[0]","""Officers and employees of the Administration, as well as certain contractor and subcontractor employees protecting U.S.-owned property.""","","false"
"","8220","survey-likert","43","534610","0.0-43.0","","{""Q0"":4}","authority_rating","HHM","","","","/us/usc/t51/s20133__s1_k3","","[0]","","",""
"","13902","survey-text","44","548513","0.0-44.0","","{""Q0"":""This provision is highly authoritative because it establishes a clear chain of command and delegates broad, legally-backed discretion to a specific official. The use of formal directives like \""direct\"" and \""authorize\"" creates a binding framework for the use of lethal force in the interest of national security.""}","authority_explanation","HHM","","","","/us/usc/t51/s20133__s1_k3","","","","",""
"","7564","html-button-response","45","556079","0.0-45.0","<p>Trial 12 of 16.</p> 
            <p> Please read the draft provision below carefully.  Make sure you understand it before moving on to the next page!</p>

            <div class=""draft-box"">
              <div class=""draft-box-title"">Draft Legislation</div>
              <p>No funds provided under this section may be used to construct or renovate a building or structure. Section was enacted as part of the America COMPETES Reauthorization Act of 2010, also known as the America Creating Opportunities to Meaningfully Promote Excellence in Technology, Education, and Science Reauthorization Act of 2010, and also as part of the National Science Foundation Authorization Act of 2010, and not as part of the National Science Foundation Act of 1950 which comprises this chapter.</p>
            </div>
            ","0","read","HLM","high","low","partial_may","/us/usc/t42/s1862p–2__s10_k3","/us/usc/t42/s1862p–2","","","",""
"","17746","survey-multi-choice","46","573826","0.0-46.0","","{""comp"":""They may not be used to construct or renovate a building or structure.""}","comprehension","HLM","","","","/us/usc/t42/s1862p–2__s10_k3","","[0]","""They may not be used to construct or renovate a building or structure.""","","false"
"","9773","survey-likert","47","583600","0.0-47.0","","{""Q0"":4}","authority_rating","HLM","","","","/us/usc/t42/s1862p–2__s10_k3","","[0]","","",""
"","12872","survey-text","48","596473","0.0-48.0","","{""Q0"":""The provision is very authoritative because it employs a definitive \""no funds... may be used\"" prohibition that leaves zero room for administrative discretion. Additionally, the exhaustive legislative citations and explicit exclusion of the 1950 Act provide high technical precision regarding its placement and enforcement within federal law.""}","authority_explanation","HLM","","","","/us/usc/t42/s1862p–2__s10_k3","","","","",""
"","8622","html-button-response","49","605096","0.0-49.0","<p>Trial 13 of 16.</p> 
            <p> Please read the draft provision below carefully.  Make sure you understand it before moving on to the next page!</p>

            <div class=""draft-box"">
              <div class=""draft-box-title"">Draft Legislation</div>
              <p>A property and fiscal officer may intrust money to an officer of the National Guard to make disbursements as his agent. Both the officer to whom money is intrusted, and the property and disbursing officer intrusting the money to him, are pecuniarily responsible for that money to the United States. The agent officer is subject, for misconduct as an agent, to the liabilities and penalties prescribed by law in like cases for the property and fiscal officer for whom he is acting.</p>
            </div>
            ","0","read","LHM","low","high","partial_may","/us/usc/t32/s708__s7_k3","/us/usc/t32/s708","","","",""
"","8507","survey-multi-choice","50","613604","0.0-50.0","","{""comp"":""Both the agent officer and the property and fiscal officer remain financially responsible to the United States for the money.""}","comprehension","LHM","","","","/us/usc/t32/s708__s7_k3","","[0]","""Both the agent officer and the property and fiscal officer remain financially responsible to the United States for the money.""","","false"
"","8741","survey-likert","51","622345","0.0-51.0","","{""Q0"":4}","authority_rating","LHM","","","","/us/usc/t32/s708__s7_k3","","[0]","","",""
"","15226","survey-text","52","637573","0.0-52.0","","{""Q0"":""This provision is very authoritative because it defines a strict, non-negotiable standard of \""pecuniary responsibility\"" that creates personal financial liability to the federal government. By explicitly applying the same legal penalties to agents as to their superiors, it ensures that delegation does not bypass established statutory consequences for misconduct.""}","authority_explanation","LHM","","","","/us/usc/t32/s708__s7_k3","","","","",""
"","8125","html-button-response","53","645699","0.0-53.0","<p>Trial 14 of 16.</p> 
            <p> Please read the draft provision below carefully.  Make sure you understand it before moving on to the next page!</p>

            <div class=""draft-box"">
              <div class=""draft-box-title"">Draft Legislation</div>
              <p>An apprentice may:
A) drive a commercial motor vehicle in interstate commerce while participating in the 120-hour probationary period under paragraph (2)(A) or the 280-hour probationary period under paragraph (2)(B) pursuant to an apprenticeship program established by an employer in accordance with this section; and 
(B) drive a commercial motor vehicle in interstate commerce after the apprentice completes an apprenticeship program described in paragraph (2), unless the Secretary determines there exists a safety concern.</p>
            </div>
            ","0","read","HLM","high","low","partial_may","/us/usc/t49/s31315__s142_k3","/us/usc/t49/s31315","","","",""
"","8251","survey-multi-choice","54","653951","0.0-54.0","","{""comp"":""While participating in specified probationary periods and after completing the apprenticeship program, unless the Secretary determines there is a safety concern.""}","comprehension","HLM","","","","/us/usc/t49/s31315__s142_k3","","[0]","""While participating in specified probationary periods and after completing the apprenticeship program, unless the Secretary determines there is a safety concern.""","","false"
"","11427","survey-likert","55","665380","0.0-55.0","","{""Q0"":4}","authority_rating","HLM","","","","/us/usc/t49/s31315__s142_k3","","[0]","","",""
"","15869","survey-text","56","681251","0.0-56.0","","{""Q0"":""The provision is very authoritative because it uses a precise, structured format to define legal permissions based on specific hourly thresholds and cross-referenced paragraphs. It further reinforces its weight by establishing the Secretary's oversight as the sole mechanism for revoking these commercial driving privileges.""}","authority_explanation","HLM","","","","/us/usc/t49/s31315__s142_k3","","","","",""
"","6174","html-button-response","57","687425","0.0-57.0","<p>Trial 15 of 16.</p> 
            <p> Please read the draft provision below carefully.  Make sure you understand it before moving on to the next page!</p>

            <div class=""draft-box"">
              <div class=""draft-box-title"">Draft Legislation</div>
              <p>A subpoena under this subsection may be served anywhere in the United States. A witness subpoenaed under this subsection shall receive the same fees and expenses as a witness subpoenaed in connection with a civil proceeding in a court of the United States. Nothing in this subsection is intended to allow an alien to have access to classified information.</p>
            </div>
            ","0","read","LHS","low","high","S","/us/usc/t8/s1534__s31_k4","/us/usc/t8/s1534","","","",""
"","10953","survey-multi-choice","58","698380","0.0-58.0","","{""comp"":""They may be served anywhere in the United States and are entitled to the same fees and expenses as witnesses in federal civil proceedings.""}","comprehension","LHS","","","","/us/usc/t8/s1534__s31_k4","","[0]","""They may be served anywhere in the United States and are entitled to the same fees and expenses as witnesses in federal civil proceedings.""","","false"
"","10449","survey-likert","59","708829","0.0-59.0","","{""Q0"":4}","authority_rating","LHS","","","","/us/usc/t8/s1534__s31_k4","","[0]","","",""
"","12969","survey-text","60","721800","0.0-60.0","","{""Q0"":""The provision is very authoritative because it establishes nationwide legal jurisdiction and uses the mandatory \""shall\"" to dictate federal spending for witness fees. Additionally, the explicit carve-out for classified information reinforces its status as a high-level statutory rule designed to protect national security.""}","authority_explanation","LHS","","","","/us/usc/t8/s1534__s31_k4","","","","",""
"","6067","html-button-response","61","727867","0.0-61.0","<p>Trial 16 of 16.</p> 
            <p> Please read the draft provision below carefully.  Make sure you understand it before moving on to the next page!</p>

            <div class=""draft-box"">
              <div class=""draft-box-title"">Draft Legislation</div>
              <p>The failure of a court to meet or comply with a time limitation under this section shall not be a ground for granting relief from a judgment of conviction or sentence. The State may enforce a time limitation under this section by petitioning for a writ of mandamus to the court of appeals. The court of appeals shall act on the petition for a writ of mandamus not later than 30 days after the filing of the petition.</p>
            </div>
            ","0","read","LHS","low","high","S","/us/usc/t28/s2266__s13_k3","/us/usc/t28/s2266","","","",""
"","9784","survey-multi-choice","62","737653","0.0-62.0","","{""comp"":""The State may petition for a writ of mandamus to the court of appeals.""}","comprehension","LHS","","","","/us/usc/t28/s2266__s13_k3","","[0]","""The State may petition for a writ of mandamus to the court of appeals.""","","false"
"","7125","survey-likert","63","744779","0.0-63.0","","{""Q0"":4}","authority_rating","LHS","","","","/us/usc/t28/s2266__s13_k3","","[0]","","",""
"","15262","survey-text","64","760044","0.0-64.0","","{""Q0"":""The provision is very authoritative because it employs strict legal imperatives (\""shall not\"" and \""shall\"") to override judicial discretion and establish mandatory deadlines for the court of appeals. Its use of specialized procedural mechanisms, like the writ of mandamus, demonstrates a high level of technical legal precision typical of binding federal statutes.""}","authority_explanation","LHS","","","","/us/usc/t28/s2266__s13_k3","","","","",""
"","932084","html-keyboard-response","65","1692129","0.0-65.0","<div class=""content""><h2>Thank you!</h2><p>The experiment is now complete.</p><p> Please wait for the data to save before closing this tab.</p><p>Press SPACE to finalize.</p>"," ","","","","","","","","","","",""
