"view_history","rt","trial_type","trial_index","time_elapsed","internal_node_id","stimulus","response","phase","condition","syn_level","sem_level","modal_pres","sent_id","section_id","question_order","comp_correct","comp_response","comp_accuracy"
"[{""page_index"":0,""viewing_time"":600473},{""page_index"":1,""viewing_time"":10057}]","610531","instructions","0","610490","0.0-0.0","","","","","","","","","","","","",""
"","23065","html-button-response","1","633558","0.0-1.0","<p>Trial 1 of 16.</p> 
            <p> Please read the draft provision below carefully.  Make sure you understand it before moving on to the next page!</p>

            <div class=""draft-box"">
              <div class=""draft-box-title"">Draft Legislation</div>
              <p>An apprentice may:
A) drive a commercial motor vehicle in interstate commerce while participating in the 120-hour probationary period under paragraph (2)(A) or the 280-hour probationary period under paragraph (2)(B) pursuant to an apprenticeship program established by an employer in accordance with this section; and 
(B) drive a commercial motor vehicle in interstate commerce after the apprentice completes an apprenticeship program described in paragraph (2), unless the Secretary determines there exists a safety concern.</p>
            </div>
            ","0","read","HLM","high","low","partial_may","/us/usc/t49/s31315__s142_k3","/us/usc/t49/s31315","","","",""
"","75344","survey-multi-choice","2","708895","0.0-2.0","","{""comp"":""While participating in specified probationary periods and after completing the apprenticeship program, unless the Secretary determines there is a safety concern.""}","comprehension","HLM","","","","/us/usc/t49/s31315__s142_k3","","[0]","""While participating in specified probationary periods and after completing the apprenticeship program, unless the Secretary determines there is a safety concern.""","","false"
"","19766","survey-likert","3","728663","0.0-3.0","","{""Q0"":4}","authority_rating","HLM","","","","/us/usc/t49/s31315__s142_k3","","[0]","","",""
"","73332","survey-text","4","802001","0.0-4.0","","{""Q0"":""It appears quite definitive as it applies formal statutory language (may), cross-referencing in great detail, and specifies conditions and exceptions. It also explicitly delegates authority to decide on safety concern to the Secretary.""}","authority_explanation","HLM","","","","/us/usc/t49/s31315__s142_k3","","","","",""
"","111067","html-button-response","5","913060","0.0-5.0","<p>Trial 2 of 16.</p> 
            <p> Please read the draft provision below carefully.  Make sure you understand it before moving on to the next page!</p>

            <div class=""draft-box"">
              <div class=""draft-box-title"">Draft Legislation</div>
              <p>The Secretary of the Treasury may by regulation prescribe for plan years beginning after December 31, 1999, mortality tables to be used in determining current liability under this subsection. Such tables shall be based upon the actual experience of pension plans and projected trends in such experience. In prescribing such tables, such Secretary shall take into account results of available independent studies of mortality of individuals covered by pension plans.</p>
            </div>
            ","0","read","LLS","low","low","S","/us/usc/t29/s1084__s70_k3","/us/usc/t29/s1084","","","",""
"","17938","survey-multi-choice","6","931000","0.0-6.0","","{""comp"":""Actual experience and projected trends of pension plans, along with results of available independent mortality studies.""}","comprehension","LLS","","","","/us/usc/t29/s1084__s70_k3","","[0]","""Actual experience and projected trends of pension plans, along with results of available independent mortality studies.""","","false"
"","2798","survey-likert","7","933800","0.0-7.0","","{""Q0"":4}","authority_rating","LLS","","","","/us/usc/t29/s1084__s70_k3","","[0]","","",""
"","90470","survey-text","8","1024266","0.0-8.0","","{""Q0"":""It employs the usual statutory language (may by regulation, shall be based upon, shall take into account) and provides a delegated authority of concrete orders with obligatory requirements of the way the tables should be created.""}","authority_explanation","LLS","","","","/us/usc/t29/s1084__s70_k3","","","","",""
"","6634","html-button-response","9","1030902","0.0-9.0","<p>Trial 3 of 16.</p> 
            <p> Please read the draft provision below carefully.  Make sure you understand it before moving on to the next page!</p>

            <div class=""draft-box"">
              <div class=""draft-box-title"">Draft Legislation</div>
              <p>No funds provided under this section may be used to construct or renovate a building or structure. Section was enacted as part of the America COMPETES Reauthorization Act of 2010, also known as the America Creating Opportunities to Meaningfully Promote Excellence in Technology, Education, and Science Reauthorization Act of 2010, and also as part of the National Science Foundation Authorization Act of 2010, and not as part of the National Science Foundation Act of 1950 which comprises this chapter.</p>
            </div>
            ","0","read","HLM","high","low","partial_may","/us/usc/t42/s1862p–2__s10_k3","/us/usc/t42/s1862p–2","","","",""
"","27975","survey-multi-choice","10","1058878","0.0-10.0","","{""comp"":""They may not be used to construct or renovate a building or structure.""}","comprehension","HLM","","","","/us/usc/t42/s1862p–2__s10_k3","","[0]","""They may not be used to construct or renovate a building or structure.""","","false"
"","122557","survey-likert","11","1181426","0.0-11.0","","{""Q0"":4}","authority_rating","HLM","","","","/us/usc/t42/s1862p–2__s10_k3","","[0]","","",""
"","30414","survey-text","12","1211844","0.0-12.0","","{""Q0"":""It is very authoritative in the sense that it employs a clear legal prohibition, where no money is to be used and with no ambiguity. It also strictly locates the section of definite enacted statutes strengthening formality and legal power.\n""}","authority_explanation","HLM","","","","/us/usc/t42/s1862p–2__s10_k3","","","","",""
"","8166","html-button-response","13","1220013","0.0-13.0","<p>Trial 4 of 16.</p> 
            <p> Please read the draft provision below carefully.  Make sure you understand it before moving on to the next page!</p>

            <div class=""draft-box"">
              <div class=""draft-box-title"">Draft Legislation</div>
              <p>The failure of a court to meet or comply with a time limitation under this section shall not be a ground for granting relief from a judgment of conviction or sentence. The State may enforce a time limitation under this section by petitioning for a writ of mandamus to the court of appeals. The court of appeals shall act on the petition for a writ of mandamus not later than 30 days after the filing of the petition.</p>
            </div>
            ","0","read","LHS","low","high","S","/us/usc/t28/s2266__s13_k3","/us/usc/t28/s2266","","","",""
"","12779","survey-multi-choice","14","1232794","0.0-14.0","","{""comp"":""The State may petition for a writ of mandamus to the court of appeals.""}","comprehension","LHS","","","","/us/usc/t28/s2266__s13_k3","","[0]","""The State may petition for a writ of mandamus to the court of appeals.""","","false"
"","17782","survey-likert","15","1250573","0.0-15.0","","{""Q0"":4}","authority_rating","LHS","","","","/us/usc/t28/s2266__s13_k3","","[0]","","",""
"","37405","survey-text","16","1287983","0.0-16.0","","{""Q0"":""It is much more authoritative as it makes mandatory legal terms (shall not, may, shall act) and a clear description of the outcome of such an action and the particular enforcement relief (mandamus) with a hard deadline.\n""}","authority_explanation","LHS","","","","/us/usc/t28/s2266__s13_k3","","","","",""
"","202952","html-button-response","17","1490921","0.0-17.0","<p>Trial 5 of 16.</p> 
            <p> Please read the draft provision below carefully.  Make sure you understand it before moving on to the next page!</p>

            <div class=""draft-box"">
              <div class=""draft-box-title"">Draft Legislation</div>
              <p>A subpoena under this subsection may be served anywhere in the United States. A witness subpoenaed under this subsection shall receive the same fees and expenses as a witness subpoenaed in connection with a civil proceeding in a court of the United States. Nothing in this subsection is intended to allow an alien to have access to classified information.</p>
            </div>
            ","0","read","LHS","low","high","S","/us/usc/t8/s1534__s31_k4","/us/usc/t8/s1534","","","",""
"","19209","survey-multi-choice","18","1510131","0.0-18.0","","{""comp"":""They may be served anywhere in the United States and are entitled to the same fees and expenses as witnesses in federal civil proceedings.""}","comprehension","LHS","","","","/us/usc/t8/s1534__s31_k4","","[0]","""They may be served anywhere in the United States and are entitled to the same fees and expenses as witnesses in federal civil proceedings.""","","false"
"","11310","survey-likert","19","1521443","0.0-19.0","","{""Q0"":4}","authority_rating","LHS","","","","/us/usc/t8/s1534__s31_k4","","[0]","","",""
"","98060","survey-text","20","1619498","0.0-20.0","","{""Q0"":""It is quite authoritative in the fact that it employs formal statutory words (may, shall) and explicitly defines the nationwide service and compensation regulations and a strict limit on classified information. The clauses are concrete and there is not much doubt of what is permitted.\n""}","authority_explanation","LHS","","","","/us/usc/t8/s1534__s31_k4","","","","",""
"","10315","html-button-response","21","1629815","0.0-21.0","<p>Trial 6 of 16.</p> 
            <p> Please read the draft provision below carefully.  Make sure you understand it before moving on to the next page!</p>

            <div class=""draft-box"">
              <div class=""draft-box-title"">Draft Legislation</div>
              <p>A property and fiscal officer may intrust money to an officer of the National Guard to make disbursements as his agent. Both the officer to whom money is intrusted, and the property and disbursing officer intrusting the money to him, are pecuniarily responsible for that money to the United States. The agent officer is subject, for misconduct as an agent, to the liabilities and penalties prescribed by law in like cases for the property and fiscal officer for whom he is acting.</p>
            </div>
            ","0","read","LHM","low","high","partial_may","/us/usc/t32/s708__s7_k3","/us/usc/t32/s708","","","",""
"","13097","survey-multi-choice","22","1642914","0.0-22.0","","{""comp"":""Both the agent officer and the property and fiscal officer remain financially responsible to the United States for the money.""}","comprehension","LHM","","","","/us/usc/t32/s708__s7_k3","","[0]","""Both the agent officer and the property and fiscal officer remain financially responsible to the United States for the money.""","","false"
"","11196","survey-likert","23","1654111","0.0-23.0","","{""Q0"":4}","authority_rating","LHM","","","","/us/usc/t32/s708__s7_k3","","[0]","","",""
"","36908","survey-text","24","1691019","0.0-24.0","","{""Q0"":""It reads quite authoritative due to the use of legal terminology (may, pecuniarily responsible, liabilities and penalties) and the explicit distribution of the financial burden and penalties of misconduct. The responsibilities and the liability are declared and not much can be interpreted.\n""}","authority_explanation","LHM","","","","/us/usc/t32/s708__s7_k3","","","","",""
"","9212","html-button-response","25","1700233","0.0-25.0","<p>Trial 7 of 16.</p> 
            <p> Please read the draft provision below carefully.  Make sure you understand it before moving on to the next page!</p>

            <div class=""draft-box"">
              <div class=""draft-box-title"">Draft Legislation</div>
              <p>The liquidating agent may disallow any portion of any claim by a creditor or claim of security, preference, or priority which is not proved to the satisfaction of the liquidating agent. No court may review the Board’s determination pursuant to subparagraph (D) to disallow a claim.</p>
            </div>
            ","0","read","LHM","low","high","partial_may","/us/usc/t12/s1787__s49_k3","/us/usc/t12/s1787","","","",""
"","19033","survey-multi-choice","26","1719267","0.0-26.0","","{""comp"":""The liquidating agent may disallow a claim, and no court may review that determination.""}","comprehension","LHM","","","","/us/usc/t12/s1787__s49_k3","","[0]","""The liquidating agent may disallow a claim, and no court may review that determination.""","","false"
"","9211","survey-likert","27","1728475","0.0-27.0","","{""Q0"":4}","authority_rating","LHM","","","","/us/usc/t12/s1787__s49_k3","","[0]","","",""
"","41703","survey-text","28","1770181","0.0-28.0","","{""Q0"":""It is extremely authoritative as it gives wide discretionary authority to disallow claims (may disallow... to the satisfaction of) and explicitly disallows judicial review. The language is categorical and creates finality in decision-making.\n""}","authority_explanation","LHM","","","","/us/usc/t12/s1787__s49_k3","","","","",""
"","9573","html-button-response","29","1779755","0.0-29.0","<p>Trial 8 of 16.</p> 
            <p> Please read the draft provision below carefully.  Make sure you understand it before moving on to the next page!</p>

            <div class=""draft-box"">
              <div class=""draft-box-title"">Draft Legislation</div>
              <p>The Secretary of the Treasury may contribute on behalf of the United States $150,000,000 to the first replenishment of the resources of the Enterprise for the Americas Multilateral Investment Fund. The authority provided by paragraph (1) may be exercised only to the extent and in the amounts provided for in advance in appropriations Acts.</p>
            </div>
            ","0","read","LLM","low","low","partial_may","/us/usc/t22/s283z–11__s1_k3","/us/usc/t22/s283z–11","","","",""
"","12515","survey-multi-choice","30","1792267","0.0-30.0","","{""comp"":""Only to the extent and in the amounts authorized in advance by appropriations Acts.""}","comprehension","LLM","","","","/us/usc/t22/s283z–11__s1_k3","","[0]","""Only to the extent and in the amounts authorized in advance by appropriations Acts.""","","false"
"","19111","survey-likert","31","1811379","0.0-31.0","","{""Q0"":4}","authority_rating","LLM","","","","/us/usc/t22/s283z–11__s1_k3","","[0]","","",""
"","36752","survey-text","32","1848131","0.0-32.0","","{""Q0"":""It is quite authoritative since it deploys formal statutory delegation (may contribute) and provides a strict appropriations restriction (may be exercised only... provided for in advance). The quantity and state are given accurately and conclusively.\n""}","authority_explanation","LLM","","","","/us/usc/t22/s283z–11__s1_k3","","","","",""
"","9588","html-button-response","33","1857721","0.0-33.0","<p>Trial 9 of 16.</p> 
            <p> Please read the draft provision below carefully.  Make sure you understand it before moving on to the next page!</p>

            <div class=""draft-box"">
              <div class=""draft-box-title"">Draft Legislation</div>
              <p>The Librarian shall provide a seal to indicate that a film has been included in the National Film Registry and is the Registry version of that film. The Librarian shall establish guidelines for approval of the use of the seal in accordance with subsection (b). The seal provided under subsection (a)(3) may only be used on film or other approved copies of the Registry version of a film.</p>
            </div>
            ","0","read","LLS","low","low","S","/us/usc/t2/s179m__s7_k3","/us/usc/t2/s179m","","","",""
"","18199","survey-multi-choice","34","1875921","0.0-34.0","","{""comp"":""To indicate that a film is included in the National Film Registry, and it may be used only on the Registry version of that film or approved copies.""}","comprehension","LLS","","","","/us/usc/t2/s179m__s7_k3","","[0]","""To indicate that a film is included in the National Film Registry, and it may be used only on the Registry version of that film or approved copies.""","","false"
"","50618","survey-likert","35","1926536","0.0-35.0","","{""Q0"":4}","authority_rating","LLS","","","","/us/usc/t2/s179m__s7_k3","","[0]","","",""
"","37688","survey-text","36","1964228","0.0-36.0","","{""Q0"":""It also seems very authoritative, as it is written in mandatory statutory language (shall) and explicitly allocates responsibilities to the Librarian only and restricts use of the seal (may only be used) to certain versions. The regulations are presented in a very formal manner.\n""}","authority_explanation","LLS","","","","/us/usc/t2/s179m__s7_k3","","","","",""
"","11806","html-button-response","37","1976037","0.0-37.0","<p>Trial 10 of 16.</p> 
            <p> Please read the draft provision below carefully.  Make sure you understand it before moving on to the next page!</p>

            <div class=""draft-box"">
              <div class=""draft-box-title"">Draft Legislation</div>
              <p>The Secretary may also contract for inspections or examinations in the United States and in foreign countries. The primary reason for including a provision that permits the contracting for the conduct of inspections and examinations is to provide flexibility in foreign areas where Coast Guard marine inspectors are not normally available. A contract inspector may be authorized to act on behalf of the Secretary, but may not issue a certificate of inspection or compliance.</p>
            </div>
            ","0","read","LLM","low","low","partial_may","/us/usc/t46/s3714__s19_k3","/us/usc/t46/s3714","","","",""
"","16888","survey-multi-choice","38","1992923","0.0-38.0","","{""comp"":""They may act on behalf of the Secretary to conduct inspections or examinations, but may not issue a certificate of inspection or compliance.""}","comprehension","LLM","","","","/us/usc/t46/s3714__s19_k3","","[0]","""They may act on behalf of the Secretary to conduct inspections or examinations, but may not issue a certificate of inspection or compliance.""","","false"
"","28956","survey-likert","39","2021881","0.0-39.0","","{""Q0"":3}","authority_rating","LLM","","","","/us/usc/t46/s3714__s19_k3","","[0]","","",""
"","29003","survey-text","40","2050884","0.0-40.0","","{""Q0"":""It is authoritative in the broader sense of the word as it is written in formal statutory language, and the general understanding of what can and cannot be done by the contract inspectors. It is a bit less formal because of the explanatory sentence of the primary reason that is rather a marker of a piece of legislative commentary than a rule.\n""}","authority_explanation","LLM","","","","/us/usc/t46/s3714__s19_k3","","","","",""
"","11480","html-button-response","41","2062366","0.0-41.0","<p>Trial 11 of 16.</p> 
            <p> Please read the draft provision below carefully.  Make sure you understand it before moving on to the next page!</p>

            <div class=""draft-box"">
              <div class=""draft-box-title"">Draft Legislation</div>
              <p>If at the termination of any fiscal year the legislature shall have failed to pass appropriation bills providing for payments of the necessary current expenses of the government and meeting its legal obligations for the ensuing fiscal year, then the several sums appropriated in the last appropriation bills for the objects and purposes therein specified, so far as the same may be applicable, shall be deemed to be reappropriated, item by item.</p>
            </div>
            ","0","read","HLS","high","low","S","/us/usc/t48/s1423j__s1_k3","/us/usc/t48/s1423j","","","",""
"","18019","survey-multi-choice","42","2080386","0.0-42.0","","{""comp"":""The amounts from the most recent appropriation bills are treated as reapproved for the same purposes.""}","comprehension","HLS","","","","/us/usc/t48/s1423j__s1_k3","","[0]","""The amounts from the most recent appropriation bills are treated as reapproved for the same purposes.""","","false"
"","52082","survey-likert","43","2132467","0.0-43.0","","{""Q0"":4}","authority_rating","HLS","","","","/us/usc/t48/s1423j__s1_k3","","[0]","","",""
"","37060","survey-text","44","2169531","0.0-44.0","","{""Q0"":""It has formal, binding legal terms (“shall be deemed”) and provides a clear, automatic penalty in the case that the legislature does not do so. The clause is concrete and prescriptive and there is not much ambiguity.\n""}","authority_explanation","HLS","","","","/us/usc/t48/s1423j__s1_k3","","","","",""
"","9202","html-button-response","45","2178731","0.0-45.0","<p>Trial 12 of 16.</p> 
            <p> Please read the draft provision below carefully.  Make sure you understand it before moving on to the next page!</p>

            <div class=""draft-box"">
              <div class=""draft-box-title"">Draft Legislation</div>
              <p>[A] partnership petition by less than all of the general partners is treated as an involuntary, not a voluntary, petition. The court may, under subsection (e), require the petitioners to file a bond to indemnify the debtor for such amounts as the court may later allow under subsection (i). Subsection (i) provides for costs, attorneys fees, and damages in certain circumstances.</p>
            </div>
            ","0","read","HHM","high","high","partial_may","/us/usc/t11/s303__s55_k3","/us/usc/t11/s303","","","",""
"","22479","survey-multi-choice","46","2201212","0.0-46.0","","{""comp"":""That the petitioners file a bond to cover possible costs, fees, or damages.""}","comprehension","HHM","","","","/us/usc/t11/s303__s55_k3","","[0]","""That the petitioners file a bond to cover possible costs, fees, or damages.""","","false"
"","3539","survey-likert","47","2204753","0.0-47.0","","{""Q0"":3}","authority_rating","HHM","","","","/us/usc/t11/s303__s55_k3","","[0]","","",""
"","75212","survey-text","48","2279965","0.0-48.0","","{""Q0"":""It is written in formal legal language and form (treated as, may require, cross-references) and this is authoritative. It is a little less authoritative since it is explanatory and discretionary (may) as opposed to being strictly mandatory.""}","authority_explanation","HHM","","","","/us/usc/t11/s303__s55_k3","","","","",""
"","7312","html-button-response","49","2287279","0.0-49.0","<p>Trial 13 of 16.</p> 
            <p> Please read the draft provision below carefully.  Make sure you understand it before moving on to the next page!</p>

            <div class=""draft-box"">
              <div class=""draft-box-title"">Draft Legislation</div>
              <p>The Secretary may readjust the terms and conditions, except as otherwise provided herein, of any geothermal lease issued under this chapter at not less than ten-year intervals beginning ten years after the date the geothermal steam is produced, as determined by the Secretary. Each geothermal lease issued under this chapter shall provide for such readjustment. The Secretary shall give notice of any proposed readjustment of terms and conditions, and, unless the lessee files with the Secretary objection to the proposed terms or relinquishes the lease within thirty days after receipt of such notice, the lessee shall conclusively be deemed to have agreed with such terms and conditions.</p>
            </div>
            ","0","read","HHS","high","high","S","/us/usc/t30/s1007__s1_k3","/us/usc/t30/s1007","","","",""
"","15217","survey-multi-choice","50","2302497","0.0-50.0","","{""comp"":""When the lessee does not object to the proposed terms or relinquish the lease within thirty days after receiving notice.""}","comprehension","HHS","","","","/us/usc/t30/s1007__s1_k3","","[0]","""When the lessee does not object to the proposed terms or relinquish the lease within thirty days after receiving notice.""","","false"
"","3927","survey-likert","51","2306425","0.0-51.0","","{""Q0"":4}","authority_rating","HHS","","","","/us/usc/t30/s1007__s1_k3","","[0]","","",""
"","30403","survey-text","52","2336828","0.0-52.0","","{""Q0"":""It applies forceful mandatory language (shall) and establishes in effect a warning and due date process with a final legal impact (will be conclusively found). The timing regulations are strict and cannot be interpreted much.""}","authority_explanation","HHS","","","","/us/usc/t30/s1007__s1_k3","","","","",""
"","7222","html-button-response","53","2344052","0.0-53.0","<p>Trial 14 of 16.</p> 
            <p> Please read the draft provision below carefully.  Make sure you understand it before moving on to the next page!</p>

            <div class=""draft-box"">
              <div class=""draft-box-title"">Draft Legislation</div>
              <p>In each State, an authorized criminal justice agency of the State shall report child abuse crime information to, or index child abuse crime information in, the national criminal history background check system. A criminal justice agency may satisfy the requirement of this subsection by reporting or indexing all felony and serious misdemeanor arrests and dispositions.</p>
            </div>
            ","0","read","HHS","high","high","S","/us/usc/t34/s40101__s1_k3","/us/usc/t34/s40101","","","",""
"","21069","survey-multi-choice","54","2365122","0.0-54.0","","{""comp"":""By reporting or indexing child abuse crime information, including through reporting or indexing all felony and serious misdemeanor arrests and dispositions.""}","comprehension","HHS","","","","/us/usc/t34/s40101__s1_k3","","[0]","""By reporting or indexing child abuse crime information, including through reporting or indexing all felony and serious misdemeanor arrests and dispositions.""","","false"
"","3501","survey-likert","55","2368624","0.0-55.0","","{""Q0"":4}","authority_rating","HHS","","","","/us/usc/t34/s40101__s1_k3","","[0]","","",""
"","40375","survey-text","56","2408999","0.0-56.0","","{""Q0"":""It is compulsory statutory in form (shall report…), and explicitly gives a compliance procedure (may satisfy by). The responsibility and the alternative way of compliance are outlined accurately.""}","authority_explanation","HHS","","","","/us/usc/t34/s40101__s1_k3","","","","",""
"","14088","html-button-response","57","2423088","0.0-57.0","<p>Trial 15 of 16.</p> 
            <p> Please read the draft provision below carefully.  Make sure you understand it before moving on to the next page!</p>

            <div class=""draft-box"">
              <div class=""draft-box-title"">Draft Legislation</div>
              <p>As the Administrator deems necessary in the public interest, the Administrator may direct officers and employees of the Administration to carry firearms while in the conduct of their official duties; and authorize employees of contractors and subcontractors of the Administration who are engaged in the protection of property owned by the United States, and located at facilities owned by or contracted to the United States, to carry firearms while in the conduct of their official duties.</p>
            </div>
            ","0","read","HHM","high","high","partial_may","/us/usc/t51/s20133__s1_k3","/us/usc/t51/s20133","","","",""
"","19351","survey-multi-choice","58","2442441","0.0-58.0","","{""comp"":""Officers and employees of the Administration, as well as certain contractor and subcontractor employees protecting U.S.-owned property.""}","comprehension","HHM","","","","/us/usc/t51/s20133__s1_k3","","[0]","""Officers and employees of the Administration, as well as certain contractor and subcontractor employees protecting U.S.-owned property.""","","false"
"","2584","survey-likert","59","2445026","0.0-59.0","","{""Q0"":3}","authority_rating","HHM","","","","/us/usc/t51/s20133__s1_k3","","[0]","","",""
"","37115","survey-text","60","2482141","0.0-60.0","","{""Q0"":""It employs formal delegation tone, based on may direct/authorize and further clarifies the coverage and under what conditions. It is somewhat less authoritative in that it is on a general discretion criterion (as the Administrator thinks it necessary in the public interest).""}","authority_explanation","HHM","","","","/us/usc/t51/s20133__s1_k3","","","","",""
"","7790","html-button-response","61","2489933","0.0-61.0","<p>Trial 16 of 16.</p> 
            <p> Please read the draft provision below carefully.  Make sure you understand it before moving on to the next page!</p>

            <div class=""draft-box"">
              <div class=""draft-box-title"">Draft Legislation</div>
              <p>Where miners are exposed to danger from falls of roof, face, and ribs the operator shall examine and test the roof, face, and ribs before any work or machine is started, and as frequently thereafter as may be necessary to insure safety. When dangerous conditions are found, they shall be corrected immediately.</p>
            </div>
            ","0","read","HLS","high","low","S","/us/usc/t30/s862__s31_k3","/us/usc/t30/s862","","","",""
"","18693","survey-multi-choice","62","2508627","0.0-62.0","","{""comp"":""Examine and test the roof, face, and ribs before work or machines start and as often as needed afterward, and correct dangerous conditions immediately.""}","comprehension","HLS","","","","/us/usc/t30/s862__s31_k3","","[0]","""Examine and test the roof, face, and ribs before work or machines start and as often as needed afterward, and correct dangerous conditions immediately.""","","false"
"","3227","survey-likert","63","2511855","0.0-63.0","","{""Q0"":4}","authority_rating","HLS","","","","/us/usc/t30/s862__s31_k3","","[0]","","",""
"","31417","survey-text","64","2543272","0.0-64.0","","{""Q0"":""It employs high-force mandatory instructions (shall) and has safety-essential obligations that have immediate remedial imperative. The duties are straightforward and clear.""}","authority_explanation","HLS","","","","/us/usc/t30/s862__s31_k3","","","","",""
"","5905","html-keyboard-response","65","2549180","0.0-65.0","<div class=""content""><h2>Thank you!</h2><p>The experiment is now complete.</p><p> Please wait for the data to save before closing this tab.</p><p>Press SPACE to finalize.</p>"," ","","","","","","","","","","",""
